numero_registro_mercantil,nit,tipo_persona,tipo_afiliado,razon_social_o_nombre,nombre_comercial,codigo_ciiu_principal,descripcion_actividad_economica,fecha_matricula,fecha_renovacion,estado_matricula,tamaño_empresa,capital_registrado,direccion_principal,barrio,municipio,departamento,pais,telefono_fijo,telefono_movil,correo_electronico,pagina_web,representante_legal,tipo_identificacion_representante,numero_identificacion_representante,cargo_representante,fecha_constitucion,numero_empleados,tipo_societario,camara_comercio,origen_capital,sector_economico,codigo_postal
50001,950154292-1,Juridica,Matriculado,"Quiroga, Tudela and Coronado","Quiroga, Comercial",4719,Otros tipos de comercio al por menor,2024-08-06,2024-08-24,Vigente,Grande,1533541533.27,Rambla Édgar Padilla 30 Apt. 10 ,Ville,Pamplona,Norte de Santander,Colombia,+34827 93 34 52,3341366098,andreseli@segura-rueda.com,"https://www.quiroga,tudelaa.com",Reina Laguna-Granados,NIT,51730775,Administrador,2000-02-27,106,SEN,Cámara de Comercio de Pamplona,Mixto,Agropecuario,543050
50002,889312385-7,Juridica,Matriculado,"Vilaplana, Montes and Clavero","Vilaplana, Servicios",6201,Actividades de desarrollo de sistemas informáticos,2017-09-25,2018-02-21,Suspendida,Pequeña,607270081.64,Cuesta Natanael Benito 81,Ville,Pamplona,Norte de Santander,Colombia,+34 727381253,3741475844,mfortuny@lluch.org,"https://www.vilaplana,monte.com",Hermenegildo de Solsona,CE,12253483,Administrador,2017-03-21,116,LTDA,Cámara de Comercio de Pamplona,Nacional,Industria,543050
50003,929842178-5,Juridica,Matriculado,Posada-Izquierdo,Posada-Izquierdo Servicios,4930,Transporte terrestre de pasajeros,2013-01-28,2015-02-03,Cancelada,Micro,777485864.41,Paseo de Casemiro Checa 85,Ville,Pamplona,Norte de Santander,Colombia,+34 707 222 674,3735232248,pmartorell@montes.com,https://www.posada-izquierd.com,Ricarda Manuel Garriga,NIT,14832708,Gerente,2005-09-27,6,LTDA,Cámara de Comercio de Pamplona,Mixto,Tecnología,543050
50004,858182315-6,Natural,Matriculado,Arcelia Rodriguez Estrada,Arcelia Rodriguez Estrada,8621,Actividades de la práctica médica,2019-09-16,2023-07-28,Vigente,Mediana,287966993.1,Callejón Mireia Peñas 710,Ville,Pamplona,Norte de Santander,Colombia,+34 633 08 48 68,3967778976,pujadasismael@vargas.es,https://www.arceliarodrigue.com,Verónica Cámara,CC,50390306,Representante Legal,2001-08-02,134,Persona Natural,Cámara de Comercio de Pamplona,Mixto,Comercio,543050
50005,845680543-8,Natural,Afiliado,Marc Torrens,Marc Torrens,5510,Alojamiento en hoteles,2018-11-24,2020-06-24,Vigente,Mediana,1372723231.64,Vial de Marisol Ramis 29,Ville,Pamplona,Norte de Santander,Colombia,+34 814 38 52 13,3253909757,gervasio22@tejedor.org,https://www.marctorrens.com,Marcelo Mata Ferrández,NIT,72839771,Representante Legal,2014-05-19,93,Persona Natural,Cámara de Comercio de Pamplona,Mixto,Servicios,543050
50006,988129400-4,Juridica,Afiliado,Zamorano Group,Zamorano Servicios,5611,Expendio a la mesa de comidas preparadas,2021-06-21,2022-10-09,Suspendida,Mediana,215800227.89,Avenida Febe Granados 71 Apt. 46 ,Ville,Pamplona,Norte de Santander,Colombia,+34 995922185,3875476566,hmarquez@rodriguez.es,https://www.zamoranogroup.com,Sebastian Fabra-Villena,CE,82205163,Gerente,2012-04-01,77,LTDA,Cámara de Comercio de Pamplona,Nacional,Transporte,543050
50007,936641787-5,Natural,Matriculado,Aníbal Díaz Alvarez,Aníbal Díaz Alvarez,4610,Intermediarios del comercio al por mayor,2015-07-07,2023-07-31,Suspendida,Mediana,113019197.19,Alameda de Dulce Barranco 966,Ville,Pamplona,Norte de Santander,Colombia,+34 726665012,3685781372,nmugica@mayol-costa.net,https://www.aníbaldíazalvar.com,Mirta Noa Valcárcel Araujo,CC,113540858,Administrador,1999-06-25,42,Persona Natural,Cámara de Comercio de Pamplona,Nacional,Agropecuario,543050
50008,987553934-5,Juridica,Afiliado,Silva and Sons,Silva Comercial,4610,Intermediarios del comercio al por mayor,2020-10-12,2025-10-16,Suspendida,Micro,627055674.16,Acceso Josep Falcó 8 Piso 9 ,Ville,Pamplona,Norte de Santander,Colombia,+34 704 036 079,3653429846,valenzuelaxiomara@leon.net,https://www.silvaandsons.com,Teodoro Valencia,CE,96025638,Representante Legal,2009-10-27,58,SAS,Cámara de Comercio de Pamplona,Extranjero,Comercio,543050
50009,988919781-4,Juridica,Matriculado,Esteban-Font,Esteban-Font Comercial,4930,Transporte terrestre de pasajeros,2011-03-07,2017-11-12,Cancelada,Pequeña,671957565.15,Vial de Tecla Araujo 54,Ville,Pamplona,Norte de Santander,Colombia,+34 708 942 904,3695392065,tovarsancho@penas.es,https://www.esteban-font.com,Gisela Bravo,NIT,41166248,Representante Legal,2004-05-13,70,SAS,Cámara de Comercio de Pamplona,Mixto,Tecnología,543050
50010,987510048-5,Juridica,Afiliado,"Vera, Cornejo and Cuenca","Vera, Plus",4719,Otros tipos de comercio al por menor,2011-07-04,2019-04-12,Cancelada,Grande,316345623.36,Glorieta Encarnita Correa 7 Apt. 44 ,Ville,Pamplona,Norte de Santander,Colombia,+34720 251 203,3380358528,rufinalaguna@linares.es,"https://www.vera,cornejoand.com",Amelia Murillo Manso,CC,12216565,Administrador,2006-04-23,76,SA,Cámara de Comercio de Pamplona,Mixto,Transporte,543050
50011,924764021-8,Juridica,Afiliado,"Rincón, Leal and Girón","Rincón, SAS",5611,Expendio a la mesa de comidas preparadas,2013-07-12,2020-08-25,Vigente,Mediana,1121693219.53,Plaza Tiburcio Paniagua 43,Ville,Pamplona,Norte de Santander,Colombia,+34706 62 02 81,3867505352,rtorrijos@alvarez-hernando.net,"https://www.rincón,lealandg.com",Rebeca Carreño Rovira,CE,47305086,Representante Legal,2004-03-28,13,SA,Cámara de Comercio de Pamplona,Mixto,Industria,543050
50012,870515369-5,Juridica,Afiliado,"Lucena, Morán and Arcos","Lucena, Comercial",4722,Comercio al por menor de productos alimenticios,2012-03-30,2017-05-30,Suspendida,Grande,1268975306.76,Alameda Isidro Olivé 39 Piso 6 ,Ville,Pamplona,Norte de Santander,Colombia,+34721085919,3863454304,dharo@almagro.org,"https://www.lucena,moránand.com",Azucena de Guillén,CE,26356153,Representante Legal,1998-01-02,31,SA,Cámara de Comercio de Pamplona,Mixto,Comercio,543050
50013,822576934-8,Natural,Matriculado,Consuelo de Villar,Consuelo de Villar,8621,Actividades de la práctica médica,2023-03-23,2023-12-02,Cancelada,Mediana,966992620.11,Calle de Marita Enríquez 51,Ville,Pamplona,Norte de Santander,Colombia,+34731 75 44 90,3943233656,aracelicampoy@coll.es,https://www.consuelodevilla.com,Lucho Ibáñez Gomez,NIT,15236649,Gerente,2016-03-11,45,Persona Natural,Cámara de Comercio de Pamplona,Extranjero,Servicios,543050
50014,819933372-8,Natural,Afiliado,Matilde Campo Murillo,Matilde Campo Murillo,4930,Transporte terrestre de pasajeros,2018-03-26,2018-10-08,Cancelada,Mediana,1581359564.16,Acceso Jacinto Mate 99 Puerta 3 ,Ville,Pamplona,Norte de Santander,Colombia,+34 729 029 728,3690625146,mcueto@jimenez-miro.com,https://www.matildecampomur.com,Natanael Donato Valbuena Mayo,NIT,69802122,Representante Legal,2017-07-14,155,Persona Natural,Cámara de Comercio de Pamplona,Extranjero,Transporte,543050
50015,943643516-4,Natural,Matriculado,Ligia Zorrilla Solís,Ligia Zorrilla Solís,8621,Actividades de la práctica médica,2022-05-30,2024-05-06,Vigente,Pequeña,788664085.57,Acceso Clotilde Castro 22 Piso 2 ,Ville,Pamplona,Norte de Santander,Colombia,+34 741680804,3953559978,fabiola15@torres.org,https://www.ligiazorrillaso.com,Arturo Ávila Miranda,CE,94089774,Administrador,2017-02-19,172,Persona Natural,Cámara de Comercio de Pamplona,Mixto,Transporte,543050
50016,876804985-2,Juridica,Matriculado,Palmer-Amores,Palmer-Amores Servicios,4722,Comercio al por menor de productos alimenticios,2011-02-12,2011-11-19,Vigente,Mediana,465533358.0,Pasaje de Alejo Marcos 62 Apt. 88 ,Ville,Pamplona,Norte de Santander,Colombia,+34727813597,3770932970,gregoriovalenzuela@gabaldon.es,https://www.palmer-amores.com,Gabino Albino Domínguez Poza,CC,19076402,Administrador,2003-08-28,79,SA,Cámara de Comercio de Pamplona,Extranjero,Agropecuario,543050
50017,963082433-7,Juridica,Afiliado,Ribas-Aguado,Ribas-Aguado SAS,4610,Intermediarios del comercio al por mayor,2014-11-24,2016-02-04,Vigente,Micro,1290768325.76,Vial de Tito Exposito 21 Puerta 8 ,Ville,Pamplona,Norte de Santander,Colombia,+34718023488,3690158845,enriquecuervo@pino-camino.es,https://www.ribas-aguado.com,Natalio Soto Guzmán,NIT,60546204,Representante Legal,2013-01-11,19,SEN,Cámara de Comercio de Pamplona,Extranjero,Tecnología,543050
50018,975155959-5,Juridica,Afiliado,Baquero-Bernad,Baquero-Bernad Plus,4711,Comercio al por menor en establecimientos no especializados,2011-09-03,2011-12-18,Cancelada,Mediana,1635858431.88,Via de Abril Elorza 38,Ville,Pamplona,Norte de Santander,Colombia,+34 942 29 00 90,3435522287,amilcar27@roig-manjon.es,https://www.baquero-bernad.com,Laura Casanovas,CE,104097846,Representante Legal,1996-06-12,22,LTDA,Cámara de Comercio de Pamplona,Extranjero,Servicios,543050
50019,998463087-2,Juridica,Afiliado,"Seguí, Rosales and Botella","Seguí, SAS",4719,Otros tipos de comercio al por menor,2016-03-20,2017-11-09,Vigente,Grande,632823048.7,Urbanización Angelina Palomar 7 Apt. 58 ,Ville,Pamplona,Norte de Santander,Colombia,+34713 364 855,3875000976,gsuarez@palau-ferrando.com,"https://www.seguí,rosalesan.com",Poncio Tamarit Herranz,NIT,12927637,Representante Legal,2008-06-23,13,LTDA,Cámara de Comercio de Pamplona,Nacional,Industria,543050
50020,831971924-2,Juridica,Matriculado,Mir-Roldan,Mir-Roldan Express,0113,Cultivo de hortalizas y legumbres,2021-10-02,2022-05-07,Cancelada,Mediana,114290222.59,Acceso de Celestina Cabeza 444 Piso 2 ,Ville,Pamplona,Norte de Santander,Colombia,+34894 87 66 00,3886778122,hermenegildolerma@jaume.net,https://www.mir-roldan.com,Armida Prats Cervera,CE,107171392,Administrador,2000-02-14,146,LTDA,Cámara de Comercio de Pamplona,Nacional,Industria,543050
50021,961763164-2,Natural,Matriculado,Dalila Guerrero Martorell,Dalila Guerrero Martorell,4719,Otros tipos de comercio al por menor,2021-12-21,2023-10-23,Vigente,Mediana,1414648493.19,Plaza Ovidio Hoyos 7,Ville,Pamplona,Norte de Santander,Colombia,+34730 97 93 17,3054130314,yessicanino@marques.org,https://www.dalilaguerrerom.com,José Piedad Rico Espejo,NIT,67644143,Representante Legal,2012-10-07,178,Persona Natural,Cámara de Comercio de Pamplona,Extranjero,Comercio,543050
50022,913677890-8,Juridica,Afiliado,Nicolás-Cuenca,Nicolás-Cuenca Comercial,5510,Alojamiento en hoteles,2012-06-11,2022-05-19,Cancelada,Mediana,1105161079.97,Callejón Felicidad Santiago 49 Apt. 89 ,Ville,Pamplona,Norte de Santander,Colombia,+34685342634,3180169560,padillateodora@agudo.es,https://www.nicolás-cuenca.com,Aurelia Lloret Lago,CE,73998228,Gerente,2004-01-12,74,SA,Cámara de Comercio de Pamplona,Mixto,Servicios,543050
50023,849092785-8,Juridica,Afiliado,Mur-Rodríguez,Mur-Rodríguez Express,4930,Transporte terrestre de pasajeros,2022-12-09,2023-12-13,Cancelada,Grande,873220903.92,Via de Teodosio Alcántara 373,Ville,Pamplona,Norte de Santander,Colombia,+34717 38 97 92,3285438103,elvirapinilla@gamez.es,https://www.mur-rodríguez.com,Constanza Mínguez Anglada,CC,99226944,Gerente,2016-02-29,144,SAS,Cámara de Comercio de Pamplona,Extranjero,Transporte,543050
50024,906396834-9,Juridica,Matriculado,Oliveras-Redondo,Oliveras-Redondo Comercial,0113,Cultivo de hortalizas y legumbres,2011-05-04,2011-06-12,Cancelada,Mediana,1069746413.12,Ronda de Eusebio Giner 1,Ville,Pamplona,Norte de Santander,Colombia,+34702 111 715,3772569151,africabaro@marques.com,https://www.oliveras-redond.com,Maura Valencia-Gaya,CE,81298062,Gerente,1996-04-03,113,SEN,Cámara de Comercio de Pamplona,Extranjero,Industria,543050
50025,837890619-8,Juridica,Matriculado,Niño-Posada,Niño-Posada SAS,6201,Actividades de desarrollo de sistemas informáticos,2023-05-28,2025-03-15,Cancelada,Mediana,1668919262.94,Ronda de Araceli Reyes 8,Ville,Pamplona,Norte de Santander,Colombia,+34740 600 571,3477424263,brionesluisina@barrena.es,https://www.niño-posada.com,Rosenda Vélez-Carnero,NIT,29115779,Gerente,2017-10-07,147,SEN,Cámara de Comercio de Pamplona,Mixto,Industria,543050
50026,995075786-7,Juridica,Afiliado,Noguera Inc,Noguera Comercial,0113,Cultivo de hortalizas y legumbres,2020-02-15,2020-07-21,Suspendida,Pequeña,940466974.28,Glorieta de Juan Bautista Cuesta 27,Ville,Pamplona,Norte de Santander,Colombia,+34850881637,3375959176,polivera@milla.com,https://www.noguerainc.com,Claudia Tamayo Carnero,NIT,32453064,Administrador,2000-10-08,28,SAS,Cámara de Comercio de Pamplona,Nacional,Comercio,543050
50027,868349587-9,Juridica,Matriculado,Cuéllar-Costa,Cuéllar-Costa SAS,5510,Alojamiento en hoteles,2020-12-29,2022-08-14,Cancelada,Micro,844329075.74,C. de Claudia Infante 14 Apt. 34 ,Ville,Pamplona,Norte de Santander,Colombia,+34 916 64 66 15,3577755464,gallocamila@priego.com,https://www.cuéllar-costa.com,Fortunata Peñas Galán,CE,52289883,Representante Legal,1997-08-24,148,LTDA,Cámara de Comercio de Pamplona,Extranjero,Servicios,543050
50028,851358542-6,Juridica,Matriculado,Barreda-Garriga,Barreda-Garriga Comercial,4719,Otros tipos de comercio al por menor,2014-11-17,2020-03-05,Cancelada,Pequeña,1293169403.88,Cañada de Pío Calderón 13 Apt. 41 ,Ville,Pamplona,Norte de Santander,Colombia,+34 721 749 756,3390703818,robertagarrido@anglada.es,https://www.barreda-garriga.com,Bernardita Palma Rios,CE,118247215,Representante Legal,2013-12-01,172,SAS,Cámara de Comercio de Pamplona,Nacional,Servicios,543050
50029,970404352-3,Juridica,Afiliado,"Fiol, Querol and Nadal","Fiol, Plus",6201,Actividades de desarrollo de sistemas informáticos,2012-01-24,2019-06-16,Vigente,Pequeña,365519336.58,Alameda de Amparo Iborra 74,Ville,Pamplona,Norte de Santander,Colombia,+34 730553492,3341996690,elbatirado@arregui.com,"https://www.fiol,querolandn.com",Cristóbal Edmundo Crespo Posada,NIT,98079306,Administrador,2008-12-02,166,LTDA,Cámara de Comercio de Pamplona,Nacional,Industria,543050
50030,919793078-8,Juridica,Matriculado,Ochoa-Ferrando,Ochoa-Ferrando Servicios,4610,Intermediarios del comercio al por mayor,2021-07-12,2025-01-28,Suspendida,Micro,52113166.39,Acceso Guadalupe Llanos 85,Ville,Pamplona,Norte de Santander,Colombia,+34727 75 69 75,3822603087,aposada@tovar.com,https://www.ochoa-ferrando.com,Segismundo Padilla Marqués,CE,29111104,Representante Legal,1997-12-03,92,LTDA,Cámara de Comercio de Pamplona,Mixto,Industria,543050
50031,812265068-2,Juridica,Afiliado,Hervás Ltd,Hervás Plus,4719,Otros tipos de comercio al por menor,2021-08-25,2022-01-01,Suspendida,Mediana,1876077446.29,Ronda Susanita Sans 498 Puerta 4 ,Ville,Pamplona,Norte de Santander,Colombia,+34 658749044,3777875042,rosendo75@navarrete.com,https://www.hervásltd.com,Godofredo Sierra Paniagua,CE,105381283,Representante Legal,2013-03-01,157,SEN,Cámara de Comercio de Pamplona,Mixto,Servicios,543050
50032,914458662-4,Natural,Matriculado,Desiderio Nicolau Serra,Desiderio Nicolau Serra,5510,Alojamiento en hoteles,2018-01-17,2023-11-30,Vigente,Mediana,656631834.48,Via Valentín Riera 41 Puerta 0 ,Ville,Pamplona,Norte de Santander,Colombia,+34710 034 381,3059201099,wcardenas@roman-manso.es,https://www.desiderionicola.com,Salvador Lasa Pagès,CE,100501677,Representante Legal,2011-04-27,21,Persona Natural,Cámara de Comercio de Pamplona,Mixto,Transporte,543050
50033,976273375-3,Natural,Matriculado,Paco Jacinto Salvà Rincón,Paco Jacinto Salvà Rincón,6201,Actividades de desarrollo de sistemas informáticos,2021-02-14,2024-12-12,Suspendida,Micro,459746957.06,Calle Isaura Calzada 9,Ville,Pamplona,Norte de Santander,Colombia,+34644 52 51 24,3856569863,beltranbaltasar@palacios.net,https://www.pacojacintosalv.com,Adelina Vilaplana Aramburu,CC,118669669,Administrador,2012-10-22,112,Persona Natural,Cámara de Comercio de Pamplona,Mixto,Agropecuario,543050
50034,980487946-7,Juridica,Matriculado,Luís-Solera,Luís-Solera Servicios,4722,Comercio al por menor de productos alimenticios,2018-07-10,2025-08-09,Suspendida,Pequeña,594439236.46,Acceso Dalila Coloma 5 Puerta 4 ,Ville,Pamplona,Norte de Santander,Colombia,+34739 570 179,3645322187,capdevilareyna@berenguer.com,https://www.luís-solera.com,Delia Barros Hoz,CE,42486098,Gerente,2005-02-16,16,SA,Cámara de Comercio de Pamplona,Mixto,Industria,543050
50035,986860662-8,Natural,Afiliado,Fernanda Antúnez Navarrete,Fernanda Antúnez Navarrete,4719,Otros tipos de comercio al por menor,2017-02-05,2017-09-22,Cancelada,Pequeña,758600137.22,Ronda de Ofelia Águila 98,Ville,Pamplona,Norte de Santander,Colombia,+34747 697 248,3120466877,apera@llopis-alfonso.com,https://www.fernandaantúnez.com,Maite Zabaleta Juan,CC,118564140,Gerente,2016-05-11,114,Persona Natural,Cámara de Comercio de Pamplona,Extranjero,Comercio,543050
50036,979034123-5,Natural,Afiliado,Calisto Rodriguez Somoza,Calisto Rodriguez Somoza,4719,Otros tipos de comercio al por menor,2018-02-22,2023-07-26,Vigente,Mediana,313505078.22,Avenida Bernardita Becerra 41 Apt. 47 ,Ville,Pamplona,Norte de Santander,Colombia,+34 704977795,3951198863,ribaevita@minguez.com,https://www.calistorodrigue.com,Guillermo Rueda-Portero,CC,60399112,Representante Legal,2011-09-06,127,Persona Natural,Cámara de Comercio de Pamplona,Extranjero,Tecnología,543050
50037,958294664-5,Natural,Matriculado,Ariel de Giner,Ariel de Giner,5611,Expendio a la mesa de comidas preparadas,2016-11-11,2017-07-02,Suspendida,Micro,816527288.75,Ronda Abril Pinedo 687 Puerta 2 ,Ville,Pamplona,Norte de Santander,Colombia,+34 704 812 111,3281154707,olalla76@crespo.org,https://www.arieldeginer.com,Ani Miró Guillén,CE,116757685,Administrador,2012-12-12,31,Persona Natural,Cámara de Comercio de Pamplona,Mixto,Industria,543050
50038,954671868-5,Natural,Afiliado,Víctor Silva Asensio,Víctor Silva Asensio,4711,Comercio al por menor en establecimientos no especializados,2015-01-14,2020-04-15,Suspendida,Grande,1915558740.44,Cuesta de Renato Calvet 43,Ville,Pamplona,Norte de Santander,Colombia,+34 749318203,3053446378,itapia@llabres-espana.com,https://www.víctorsilvaasen.com,Cloe Galvez Jara,CE,86367674,Administrador,1996-06-01,41,Persona Natural,Cámara de Comercio de Pamplona,Nacional,Servicios,543050
50039,905093176-3,Natural,Afiliado,Dimas Agudo Fuentes,Dimas Agudo Fuentes,4930,Transporte terrestre de pasajeros,2022-12-18,2023-07-09,Vigente,Grande,1793936035.36,Camino de Andrea Coca 429,Ville,Pamplona,Norte de Santander,Colombia,+34 623 38 78 73,3444073934,mariavargas@sarabia.es,https://www.dimasagudofuent.com,Jose Antonio Amat-Valera,NIT,98169317,Administrador,2010-02-02,61,Persona Natural,Cámara de Comercio de Pamplona,Mixto,Servicios,543050
50040,922185910-8,Juridica,Afiliado,Palmer-Roman,Palmer-Roman Plus,6201,Actividades de desarrollo de sistemas informáticos,2023-04-30,2025-02-03,Cancelada,Grande,1198231423.11,Via de Mónica Ureña 41 Puerta 4 ,Ville,Pamplona,Norte de Santander,Colombia,+34718 17 21 08,3026347844,lpalomino@iglesia-nevado.net,https://www.palmer-roman.com,Reinaldo Rivera Catalán,CC,22836327,Administrador,2007-07-06,94,SEN,Cámara de Comercio de Pamplona,Nacional,Transporte,543050
50041,827460701-7,Juridica,Afiliado,Farré-Llorens,Farré-Llorens SAS,6201,Actividades de desarrollo de sistemas informáticos,2022-09-19,2022-11-14,Cancelada,Grande,1345585849.26,Alameda José Ángel Peña 42 Puerta 4 ,Ville,Pamplona,Norte de Santander,Colombia,+34703 35 45 38,3141878173,armida02@peiro.es,https://www.farré-llorens.com,Salomón del Milla,NIT,45375034,Gerente,2016-11-06,10,SA,Cámara de Comercio de Pamplona,Extranjero,Transporte,543050
50042,924921193-1,Natural,Afiliado,Félix Agustín Nicolau,Félix Agustín Nicolau,8621,Actividades de la práctica médica,2023-04-06,2024-05-04,Cancelada,Micro,457339944.2,Pasaje Trini Pombo 703 Piso 4 ,Ville,Pamplona,Norte de Santander,Colombia,+34 739 85 81 30,3861566160,lquevedo@castaneda.es,https://www.félixagustínnic.com,Moisés Bruno Olmo Cerdán,NIT,69028206,Administrador,2007-07-26,52,Persona Natural,Cámara de Comercio de Pamplona,Nacional,Servicios,543050
50043,847816750-7,Juridica,Matriculado,Guardia-Miró,Guardia-Miró Plus,5510,Alojamiento en hoteles,2022-04-17,2024-04-29,Vigente,Mediana,1984204121.49,Pasadizo de Miriam Chico 89 Apt. 58 ,Ville,Pamplona,Norte de Santander,Colombia,+34714002662,3561104584,estebanllano@sevilla-gimenez.es,https://www.guardia-miró.com,Ale Somoza Peral,NIT,16278752,Gerente,2006-11-20,163,LTDA,Cámara de Comercio de Pamplona,Extranjero,Transporte,543050
50044,932856806-5,Juridica,Matriculado,"Alcántara, Gomila and Botella","Alcántara, Plus",4719,Otros tipos de comercio al por menor,2014-01-13,2014-06-16,Cancelada,Grande,412513367.16,Camino de Leonor Jordá 32,Ville,Pamplona,Norte de Santander,Colombia,+34 707063475,3317539903,palegre@barbero-flor.es,"https://www.alcántara,gomil.com",Wálter Posada Fuertes,CC,41188131,Representante Legal,2013-01-08,62,SAS,Cámara de Comercio de Pamplona,Extranjero,Transporte,543050
50045,978523987-4,Natural,Afiliado,María Luisa Azorin-Cañas,María Luisa Azorin-Cañas,6201,Actividades de desarrollo de sistemas informáticos,2014-05-12,2021-09-09,Vigente,Pequeña,100707465.93,Via Jacinta Higueras 5,Ville,Pamplona,Norte de Santander,Colombia,+34 668 025 097,3578203391,nereacardenas@palomo-arana.es,https://www.maríaluisaazori.com,Mariano Gual Miranda,NIT,100847005,Gerente,2003-10-07,29,Persona Natural,Cámara de Comercio de Pamplona,Mixto,Tecnología,543050
50046,980173104-6,Natural,Afiliado,José María Navarrete Ramírez,José María Navarrete Ramírez,4711,Comercio al por menor en establecimientos no especializados,2020-10-05,2022-03-03,Cancelada,Pequeña,446228922.17,Plaza Joaquina Luna 61,Ville,Pamplona,Norte de Santander,Colombia,+34 739 238 842,3043255432,olegarioyanez@izquierdo.org,https://www.josémaríanavarr.com,Heriberto Giménez-Iglesia,CC,13186183,Gerente,2012-09-25,184,Persona Natural,Cámara de Comercio de Pamplona,Extranjero,Servicios,543050
50047,889006171-8,Juridica,Matriculado,Blanes-Quesada,Blanes-Quesada Comercial,5611,Expendio a la mesa de comidas preparadas,2014-03-28,2020-06-17,Suspendida,Grande,103182641.51,Alameda de María Luisa Gordillo 33 Apt. 36 ,Ville,Pamplona,Norte de Santander,Colombia,+34709 41 72 85,3959752593,susana53@carrasco.es,https://www.blanes-quesada.com,Paulino Domínguez Baños,CC,24917538,Representante Legal,2000-07-22,102,SA,Cámara de Comercio de Pamplona,Nacional,Comercio,543050
50048,943824037-5,Juridica,Matriculado,"Santamaria, Viña and Aroca","Santamaria, SAS",5510,Alojamiento en hoteles,2019-03-15,2020-04-14,Vigente,Mediana,397579949.62,C. Enrique Amor 558 Piso 6 ,Ville,Pamplona,Norte de Santander,Colombia,+34 719 653 518,3911410968,guiomar55@llado.org,"https://www.santamaria,viña.com",Candelaria Gargallo Arévalo,CE,37713449,Gerente,2004-12-17,17,SA,Cámara de Comercio de Pamplona,Mixto,Tecnología,543050
50049,824632236-7,Natural,Afiliado,Eloísa Mariscal Arias,Eloísa Mariscal Arias,5611,Expendio a la mesa de comidas preparadas,2010-11-23,2012-12-25,Vigente,Pequeña,923633133.94,Cañada de Baltasar Suarez 404,Ville,Pamplona,Norte de Santander,Colombia,+34 717 44 62 88,3048951347,barrenanoelia@cerda-gallardo.es,https://www.eloísamariscala.com,Tito Manzanares Perera,CE,88231868,Representante Legal,2001-06-05,34,Persona Natural,Cámara de Comercio de Pamplona,Nacional,Comercio,543050
50050,804534909-6,Juridica,Afiliado,Cabo PLC,Cabo Servicios,0113,Cultivo de hortalizas y legumbres,2011-01-23,2018-12-15,Vigente,Mediana,600878761.42,Alameda de Renato Dalmau 92,Ville,Pamplona,Norte de Santander,Colombia,+34 747637987,3812829096,trujillobuenaventura@alegria.es,https://www.caboplc.com,Juan José Chema Aroca Lobo,CC,114244460,Administrador,2005-05-18,21,SEN,Cámara de Comercio de Pamplona,Extranjero,Tecnología,543050
50051,976423001-5,Natural,Afiliado,Cleto Torrents Peñalver,Cleto Torrents Peñalver,5510,Alojamiento en hoteles,2020-09-21,2022-06-29,Vigente,Grande,143277098.4,Acceso de Félix Alarcón 40 Piso 9 ,Ville,Pamplona,Norte de Santander,Colombia,+34749 692 087,3949158818,darteaga@torrijos-carbo.es,https://www.cletotorrentspe.com,Montserrat Carreño Burgos,CC,16720518,Representante Legal,2019-12-06,150,Persona Natural,Cámara de Comercio de Pamplona,Nacional,Tecnología,543050
50052,900519981-8,Natural,Matriculado,Elisa Grande Quesada,Elisa Grande Quesada,0113,Cultivo de hortalizas y legumbres,2016-08-08,2022-12-27,Suspendida,Grande,402476881.13,Glorieta de Xiomara Alcolea 27 Apt. 85 ,Ville,Pamplona,Norte de Santander,Colombia,+34709 60 88 94,3385311087,hernandezclotilde@alonso.es,https://www.elisagrandeques.com,Lidia Aramburu Mercader,CC,57341832,Representante Legal,2009-05-02,123,Persona Natural,Cámara de Comercio de Pamplona,Nacional,Servicios,543050
50053,807723582-5,Juridica,Afiliado,"Amo, Larrea and Bayón","Amo, Comercial",5611,Expendio a la mesa de comidas preparadas,2011-10-02,2018-07-28,Suspendida,Grande,1500203118.98,Acceso de Lilia Galindo 41 Puerta 9 ,Ville,Pamplona,Norte de Santander,Colombia,+34701 117 597,3133018576,lblazquez@palau.com,"https://www.amo,larreaandba.com",Desiderio Torralba,CC,111715136,Gerente,2010-01-13,64,LTDA,Cámara de Comercio de Pamplona,Mixto,Industria,543050
50054,990335754-1,Natural,Matriculado,Reyna Ramón,Reyna Ramón,8621,Actividades de la práctica médica,2019-08-13,2020-10-26,Suspendida,Grande,1610477688.72,Plaza de Ezequiel Rivas 55 Puerta 6 ,Ville,Pamplona,Norte de Santander,Colombia,+34701 43 77 54,3557823581,norbertorodrigo@lopez.net,https://www.reynaramón.com,Demetrio Cobos Bustos,NIT,39333365,Administrador,2012-04-28,177,Persona Natural,Cámara de Comercio de Pamplona,Extranjero,Agropecuario,543050
50055,883690770-8,Natural,Matriculado,Renata Leon-Román,Renata Leon-Román,6201,Actividades de desarrollo de sistemas informáticos,2012-01-16,2020-10-02,Suspendida,Grande,138605639.8,Callejón Francisco Jose Amador 95 Puerta 1 ,Ville,Pamplona,Norte de Santander,Colombia,+34 829 16 86 40,3936337053,yesicasegovia@carballo.com,https://www.renataleon-romá.com,Baltasar Santos Cárdenas Arcos,NIT,107909754,Gerente,1998-11-25,166,Persona Natural,Cámara de Comercio de Pamplona,Nacional,Comercio,543050
50056,891890889-7,Natural,Matriculado,Fernanda Leticia Naranjo Frías,Fernanda Leticia Naranjo Frías,5611,Expendio a la mesa de comidas preparadas,2018-04-14,2018-08-31,Suspendida,Grande,794404744.01,Paseo de Ovidio Briones 208 Apt. 79 ,Ville,Pamplona,Norte de Santander,Colombia,+34 728 093 211,3310520319,tllabres@arcos.es,https://www.fernandaleticia.com,Juan Bautista Valbuena Hoyos,CE,18055776,Gerente,2013-12-07,176,Persona Natural,Cámara de Comercio de Pamplona,Extranjero,Servicios,543050
50057,804498305-4,Natural,Matriculado,Félix Varela-Ferrando,Félix Varela-Ferrando,4722,Comercio al por menor de productos alimenticios,2018-06-30,2024-03-22,Cancelada,Mediana,76066601.08,Plaza Aroa Enríquez 59,Ville,Pamplona,Norte de Santander,Colombia,+34 702 220 188,3317707412,esaura@coello.es,https://www.félixvarela-fer.com,Maricruz Marti Cañete,CE,36508607,Gerente,2017-04-06,76,Persona Natural,Cámara de Comercio de Pamplona,Nacional,Tecnología,543050
50058,928871199-1,Juridica,Matriculado,"Cordero, Espinosa and Moya","Cordero, SAS",4719,Otros tipos de comercio al por menor,2016-09-14,2021-05-20,Vigente,Pequeña,1421588459.62,Alameda Anselma Rivas 25,Ville,Pamplona,Norte de Santander,Colombia,+34747 46 57 77,3323491945,valbuenapili@sabater.com,"https://www.cordero,espinos.com",Yésica Orozco Gonzalez,NIT,64064946,Representante Legal,2005-12-07,130,SAS,Cámara de Comercio de Pamplona,Extranjero,Comercio,543050
50059,837866443-1,Natural,Matriculado,Cruz Bárcena,Cruz Bárcena,0113,Cultivo de hortalizas y legumbres,2018-01-09,2024-05-07,Cancelada,Grande,1303526163.8,Camino de Eligio Gomez 41 Puerta 9 ,Ville,Pamplona,Norte de Santander,Colombia,+34722464550,3928509772,sacristancelia@quiros-revilla.com,https://www.cruzbárcena.com,Heliodoro Prat Hidalgo,CC,21025091,Administrador,2004-08-12,192,Persona Natural,Cámara de Comercio de Pamplona,Nacional,Servicios,543050
50060,996672953-5,Natural,Matriculado,Moreno Roldán Querol,Moreno Roldán Querol,5510,Alojamiento en hoteles,2015-12-02,2018-11-10,Vigente,Mediana,1389548628.67,C. de Hortensia Feliu 49,Ville,Pamplona,Norte de Santander,Colombia,+34 945 904 946,3460318533,colladolidia@mir.com,https://www.morenoroldánque.com,María Luisa Oliveras-Alberola,NIT,118880343,Gerente,2007-06-03,200,Persona Natural,Cámara de Comercio de Pamplona,Mixto,Servicios,543050
50061,983860829-9,Juridica,Afiliado,Rivas LLC,Rivas Servicios,0113,Cultivo de hortalizas y legumbres,2013-08-17,2020-07-07,Cancelada,Pequeña,1579519636.19,Ronda de Piedad Cobo 9 Apt. 08 ,Ville,Pamplona,Norte de Santander,Colombia,+34708 05 94 88,3768378908,qbellido@muniz-iglesias.es,https://www.rivasllc.com,Amor Mascaró Gonzalez,NIT,30601303,Representante Legal,2011-12-10,194,LTDA,Cámara de Comercio de Pamplona,Nacional,Comercio,543050
50062,923535074-9,Juridica,Afiliado,"Infante, Cantón and Escrivá","Infante, Express",5611,Expendio a la mesa de comidas preparadas,2020-08-20,2025-04-21,Vigente,Grande,1829100808.13,Plaza Martina Cámara 46,Ville,Pamplona,Norte de Santander,Colombia,+34821695767,3114237032,guiomaruribe@marcos-benet.org,"https://www.infante,cantóna.com",Cruz Carballo-Donaire,CE,32592892,Gerente,2008-01-13,10,LTDA,Cámara de Comercio de Pamplona,Nacional,Comercio,543050
50063,836043081-3,Juridica,Afiliado,"Casanova, Roda and Azcona","Casanova, Plus",5510,Alojamiento en hoteles,2014-10-25,2022-10-27,Suspendida,Mediana,391884262.76,Avenida Javier Gámez 99 Puerta 8 ,Ville,Pamplona,Norte de Santander,Colombia,+34 737749573,3933697315,campoyjuanita@giron.es,"https://www.casanova,rodaan.com",Duilio Benavente Carbó,CE,108017716,Representante Legal,1996-10-27,17,SA,Cámara de Comercio de Pamplona,Nacional,Transporte,543050
50064,950441667-1,Natural,Matriculado,Constanza Quevedo Checa,Constanza Quevedo Checa,4930,Transporte terrestre de pasajeros,2013-10-09,2014-04-20,Cancelada,Mediana,738209310.96,Pasaje de Gertrudis Elías 980 Piso 1 ,Ville,Pamplona,Norte de Santander,Colombia,+34 606 978 997,3341518979,oarino@quesada.es,https://www.constanzaqueved.com,Petrona Gabaldón Salom,CE,38030053,Administrador,2012-02-26,115,Persona Natural,Cámara de Comercio de Pamplona,Nacional,Tecnología,543050
50065,875834383-3,Juridica,Matriculado,"Checa, Tejera and Parejo","Checa, SAS",0113,Cultivo de hortalizas y legumbres,2019-02-23,2024-09-22,Cancelada,Mediana,1915196600.6,Alameda de Elías Amigó 4 Piso 1 ,Ville,Pamplona,Norte de Santander,Colombia,+34 898 22 41 83,3631585836,xsacristan@palacios.es,"https://www.checa,tejeraand.com",Ximena Fuente Peral,CC,14263198,Gerente,1995-12-10,100,SAS,Cámara de Comercio de Pamplona,Extranjero,Industria,543050
50066,902796718-7,Juridica,Afiliado,Alcántara Group,Alcántara SAS,4719,Otros tipos de comercio al por menor,2017-06-10,2025-05-24,Cancelada,Pequeña,1682169617.3,Avenida de Gertrudis Doménech 14 Apt. 71 ,Ville,Pamplona,Norte de Santander,Colombia,+34925 813 042,3919309762,azenethosorio@guijarro.es,https://www.alcántaragroup.com,Claudio Borja Sabater Guillen,CE,66816581,Gerente,2003-08-22,13,LTDA,Cámara de Comercio de Pamplona,Nacional,Industria,543050
50067,858380440-3,Natural,Afiliado,Cosme Serna Pedrosa,Cosme Serna Pedrosa,5611,Expendio a la mesa de comidas preparadas,2021-09-05,2025-04-20,Cancelada,Micro,197985625.74,Rambla Gilberto Lucena 59,Ville,Pamplona,Norte de Santander,Colombia,+34710 508 836,3662389872,vanesa34@santos.es,https://www.cosmesernapedro.com,Miguel Ángel Agustí,CC,44766515,Administrador,2006-09-03,44,Persona Natural,Cámara de Comercio de Pamplona,Extranjero,Tecnología,543050
50068,951561943-8,Juridica,Afiliado,Núñez-Godoy,Núñez-Godoy Servicios,4722,Comercio al por menor de productos alimenticios,2018-11-30,2021-05-30,Cancelada,Micro,338539168.48,Callejón de Martin Serra 602,Ville,Pamplona,Norte de Santander,Colombia,+34707 093 531,3685385382,casesnicanor@ferrandiz.es,https://www.núñez-godoy.com,Manuelita Nadia Linares Azcona,NIT,87808075,Representante Legal,2002-12-05,176,SEN,Cámara de Comercio de Pamplona,Extranjero,Agropecuario,543050
50069,873087492-7,Natural,Matriculado,Leire Alma Barrera Escribano,Leire Alma Barrera Escribano,4711,Comercio al por menor en establecimientos no especializados,2024-03-08,2024-11-20,Vigente,Grande,716781108.92,Camino de Salud Blanco 45,Ville,Pamplona,Norte de Santander,Colombia,+34 720914951,3815361485,gustavo89@arteaga.org,https://www.leirealmabarrer.com,Julián Naranjo,CE,112274044,Administrador,2007-02-21,24,Persona Natural,Cámara de Comercio de Pamplona,Nacional,Agropecuario,543050
50070,902270616-8,Juridica,Afiliado,"Llorente, Sureda and Boix","Llorente, SAS",5510,Alojamiento en hoteles,2019-01-04,2021-07-04,Cancelada,Mediana,1355862384.93,Pasadizo Regina Pellicer 38 Apt. 62 ,Ville,Pamplona,Norte de Santander,Colombia,+34 925 21 76 66,3147273966,josuemoll@hernandez.net,"https://www.llorente,sureda.com",Áurea Haro,CC,24465555,Representante Legal,2002-01-29,81,SEN,Cámara de Comercio de Pamplona,Mixto,Tecnología,543050
50071,945936760-7,Juridica,Afiliado,"Ríos, Lucas and Guardiola","Ríos, Comercial",4711,Comercio al por menor en establecimientos no especializados,2024-01-20,2025-06-27,Vigente,Pequeña,1972606415.06,Rambla de Flora Mena 5 Puerta 0 ,Ville,Pamplona,Norte de Santander,Colombia,+34741 58 04 10,3192761541,lunarevilla@rios-millan.com,"https://www.ríos,lucasandgu.com",Carlota Villanueva Real,CC,36521878,Representante Legal,2000-06-29,127,SEN,Cámara de Comercio de Pamplona,Nacional,Tecnología,543050
50072,862032739-1,Juridica,Matriculado,Segovia Ltd,Segovia Servicios,6201,Actividades de desarrollo de sistemas informáticos,2022-11-01,2024-11-01,Suspendida,Micro,1372271639.16,Acceso de Régulo Girona 321 Piso 5 ,Ville,Pamplona,Norte de Santander,Colombia,+34 743 09 53 95,3071994958,cerdanbautista@cortina-vigil.es,https://www.segovialtd.com,Fernando Jaén-Ferrándiz,NIT,90619018,Gerente,2021-05-19,8,SAS,Cámara de Comercio de Pamplona,Nacional,Industria,543050
50073,814316146-4,Juridica,Matriculado,Cuéllar-Collado,Cuéllar-Collado Comercial,4711,Comercio al por menor en establecimientos no especializados,2018-03-12,2018-12-08,Cancelada,Pequeña,1252403999.22,Rambla Macarena Sevilla 5,Ville,Pamplona,Norte de Santander,Colombia,+34637 792 327,3227023182,eulaliacastello@saez-palacios.com,https://www.cuéllar-collado.com,Trinidad Losa Rivas,CE,29432689,Representante Legal,2007-10-09,132,SEN,Cámara de Comercio de Pamplona,Nacional,Industria,543050
50074,939819527-5,Juridica,Afiliado,Expósito and Sons,Expósito Express,4719,Otros tipos de comercio al por menor,2015-07-08,2016-05-01,Suspendida,Mediana,1705303422.6,Pasadizo de Joaquín Ibarra 36 Puerta 2 ,Ville,Pamplona,Norte de Santander,Colombia,+34 742003546,3633930303,eligio85@rivero.es,https://www.expósitoandsons.com,Berto del Alfaro,CE,33945701,Representante Legal,2013-06-29,86,SEN,Cámara de Comercio de Pamplona,Nacional,Industria,543050
50075,890779560-7,Natural,Afiliado,María Jesús Capdevila Madrid,María Jesús Capdevila Madrid,0113,Cultivo de hortalizas y legumbres,2014-01-30,2019-08-11,Cancelada,Pequeña,1205590380.1,Ronda Fidela Garcés 790,Ville,Pamplona,Norte de Santander,Colombia,+34 701244685,3329222452,bruroman@villalonga.org,https://www.maríajesúscapde.com,Severo Blanes Díez,CC,40692234,Representante Legal,2000-02-02,59,Persona Natural,Cámara de Comercio de Pamplona,Mixto,Comercio,543050
50076,899362575-6,Natural,Matriculado,Loreto del Pol,Loreto del Pol,0113,Cultivo de hortalizas y legumbres,2023-08-04,2024-01-16,Cancelada,Micro,1954266585.36,Via de Arturo Rius 35,Ville,Pamplona,Norte de Santander,Colombia,+34732834488,3499437390,lupe78@gomez.es,https://www.loretodelpol.com,Hipólito Tamarit,CC,104902020,Administrador,2019-09-02,191,Persona Natural,Cámara de Comercio de Pamplona,Mixto,Tecnología,543050
50077,920778423-7,Natural,Matriculado,Evita Arrieta,Evita Arrieta,5611,Expendio a la mesa de comidas preparadas,2020-12-04,2021-07-29,Cancelada,Micro,1865907028.72,Acceso María Pilar Céspedes 8 Apt. 96 ,Ville,Pamplona,Norte de Santander,Colombia,+34 744 14 87 20,3724099427,latienza@bou-maldonado.es,https://www.evitaarrieta.com,Rufina Lidia Villaverde Gálvez,NIT,95756803,Administrador,2020-01-08,1,Persona Natural,Cámara de Comercio de Pamplona,Nacional,Transporte,543050
50078,985785666-5,Juridica,Matriculado,Fuster-Figuerola,Fuster-Figuerola Comercial,8621,Actividades de la práctica médica,2017-05-09,2025-02-12,Cancelada,Pequeña,993443599.98,Vial Jorge Alba 82 Piso 5 ,Ville,Pamplona,Norte de Santander,Colombia,+34710 497 042,3887729881,masensio@carranza-ibarra.com,https://www.fuster-figuerol.com,Marcial Isern Olivé,CC,21617650,Representante Legal,1999-10-22,44,LTDA,Cámara de Comercio de Pamplona,Nacional,Industria,543050
50079,959073963-6,Natural,Afiliado,Natalia Cano Maldonado,Natalia Cano Maldonado,4930,Transporte terrestre de pasajeros,2023-10-07,2025-02-14,Vigente,Mediana,1224623345.61,Via Florencio Beltrán 72 Apt. 33 ,Ville,Pamplona,Norte de Santander,Colombia,+34 745474946,3930010858,azucena04@castilla-vaquero.es,https://www.nataliacanomald.com,Sabas Gomila Santana,NIT,114782433,Representante Legal,1997-04-28,10,Persona Natural,Cámara de Comercio de Pamplona,Mixto,Agropecuario,543050
50080,822958407-1,Juridica,Afiliado,Alcalde-Posada,Alcalde-Posada Express,5510,Alojamiento en hoteles,2023-12-06,2024-10-07,Vigente,Pequeña,993462695.38,Glorieta Reina Lobo 69 Puerta 5 ,Ville,Pamplona,Norte de Santander,Colombia,+34717384198,3772955076,gimenocandido@moran-jaume.es,https://www.alcalde-posada.com,Fátima Mendoza,CE,69908048,Representante Legal,2005-03-02,100,LTDA,Cámara de Comercio de Pamplona,Nacional,Transporte,543050
50081,951599940-5,Juridica,Matriculado,Dalmau-Mariño,Dalmau-Mariño Plus,4722,Comercio al por menor de productos alimenticios,2018-06-28,2024-05-14,Vigente,Mediana,988826797.09,Pasaje Atilio Espejo 465,Ville,Pamplona,Norte de Santander,Colombia,+34747522938,3080579914,soniaporras@puig-sosa.com,https://www.dalmau-mariño.com,Severo Salazar,CE,110668265,Gerente,2006-04-11,90,SA,Cámara de Comercio de Pamplona,Nacional,Agropecuario,543050
50082,900408785-9,Juridica,Matriculado,Luz LLC,Luz SAS,5611,Expendio a la mesa de comidas preparadas,2018-05-27,2022-10-20,Suspendida,Micro,1557892769.68,Avenida de Lucila Palomino 624,Ville,Pamplona,Norte de Santander,Colombia,+34647328486,3010554940,dhidalgo@martinez.com,https://www.luzllc.com,Isidoro Arribas,NIT,96438200,Representante Legal,2004-01-25,153,LTDA,Cámara de Comercio de Pamplona,Extranjero,Tecnología,543050
50083,867563656-3,Juridica,Matriculado,Aguado and Sons,Aguado Plus,0113,Cultivo de hortalizas y legumbres,2011-07-21,2014-08-04,Cancelada,Micro,898272359.2,Pasadizo de Marino Pedrosa 19 Apt. 54 ,Ville,Pamplona,Norte de Santander,Colombia,+34 703 154 500,3019489522,duilio99@morell-royo.es,https://www.aguadoandsons.com,Emelina Tomás Gascón,NIT,48004402,Gerente,2010-06-01,59,SAS,Cámara de Comercio de Pamplona,Extranjero,Servicios,543050
50084,931814526-2,Natural,Matriculado,Custodia de Boada,Custodia de Boada,6201,Actividades de desarrollo de sistemas informáticos,2023-06-04,2023-09-16,Suspendida,Micro,439904627.56,Pasadizo de Dalila Bou 73 Puerta 2 ,Ville,Pamplona,Norte de Santander,Colombia,+34 882213370,3147964820,sevehoz@pineiro-mosquera.com,https://www.custodiadeboada.com,Maribel Goñi Ferrándiz,CC,116293600,Representante Legal,2008-12-27,134,Persona Natural,Cámara de Comercio de Pamplona,Nacional,Tecnología,543050
50085,867351096-4,Juridica,Afiliado,Rios LLC,Rios Express,0113,Cultivo de hortalizas y legumbres,2010-11-17,2013-12-14,Vigente,Mediana,1070359073.96,Rambla de Eric Sevillano 62,Ville,Pamplona,Norte de Santander,Colombia,+34 608059360,3155764224,gabino60@colom-carreras.es,https://www.riosllc.com,Florencio Nebot Daza,CE,30553435,Gerente,2000-10-31,7,LTDA,Cámara de Comercio de Pamplona,Extranjero,Industria,543050
50086,967717347-4,Juridica,Afiliado,Conesa-Vicente,Conesa-Vicente Servicios,4930,Transporte terrestre de pasajeros,2016-06-03,2021-08-02,Vigente,Micro,592186581.08,Pasaje de Gregorio Gisbert 169 Piso 1 ,Ville,Pamplona,Norte de Santander,Colombia,+34908 819 130,3685994283,valentina16@dieguez.es,https://www.conesa-vicente.com,Guillermo Pereira Belda,NIT,17478423,Administrador,2001-12-17,10,SAS,Cámara de Comercio de Pamplona,Mixto,Comercio,543050
50087,917271069-7,Juridica,Matriculado,"Cortes, García and Trujillo","Cortes, Comercial",0113,Cultivo de hortalizas y legumbres,2020-12-15,2024-12-21,Suspendida,Mediana,649064503.52,Pasaje de Maximiano Ruano 75,Ville,Pamplona,Norte de Santander,Colombia,+34713 09 60 20,3930750929,sandra69@azorin-luz.es,"https://www.cortes,garcíaan.com",Teodoro Gonzalo Nogueira,CC,26134249,Representante Legal,2010-12-15,180,SEN,Cámara de Comercio de Pamplona,Extranjero,Industria,543050
50088,983783131-1,Natural,Matriculado,Merche Domínguez Sandoval,Merche Domínguez Sandoval,4711,Comercio al por menor en establecimientos no especializados,2014-04-16,2019-04-11,Cancelada,Pequeña,261145405.47,Glorieta de José Acedo 77,Ville,Pamplona,Norte de Santander,Colombia,+34 722855056,3913461600,rmorell@querol.com,https://www.merchedomínguez.com,Maxi Nicolás Galvez Rosales,NIT,83054938,Administrador,2000-12-21,162,Persona Natural,Cámara de Comercio de Pamplona,Extranjero,Comercio,543050
50089,875510613-3,Juridica,Afiliado,"Batlle, Navarrete and Mesa","Batlle, Express",4711,Comercio al por menor en establecimientos no especializados,2016-08-29,2018-05-15,Suspendida,Mediana,1851300804.39,Paseo Jerónimo Mas 3,Ville,Pamplona,Norte de Santander,Colombia,+34 719 77 45 93,3920015243,cardonaestrella@barrera.es,"https://www.batlle,navarret.com",Wálter Meléndez Gimeno,NIT,103381081,Gerente,2013-02-22,132,SEN,Cámara de Comercio de Pamplona,Nacional,Comercio,543050
50090,915111517-3,Natural,Afiliado,Matías de Hervás,Matías de Hervás,4722,Comercio al por menor de productos alimenticios,2018-06-15,2021-08-05,Cancelada,Micro,1275396914.31,Calle Chus Caparrós 42,Ville,Pamplona,Norte de Santander,Colombia,+34707 29 88 07,3251066042,yzaragoza@estevez.com,https://www.matíasdehervás.com,Javi Cabañas Cortina,NIT,34195652,Gerente,2003-07-22,145,Persona Natural,Cámara de Comercio de Pamplona,Extranjero,Tecnología,543050
50091,843450860-2,Juridica,Afiliado,"Casanova, Valdés and Arregui","Casanova, Plus",8621,Actividades de la práctica médica,2015-10-16,2017-08-15,Cancelada,Mediana,1766157964.76,Callejón de Ale Fuster 947 Apt. 53 ,Ville,Pamplona,Norte de Santander,Colombia,+34893029145,3121372204,cesaralberdi@oliveras.com,"https://www.casanova,valdés.com",Juana Nogueira Segovia,NIT,49441173,Gerente,1996-11-10,90,SA,Cámara de Comercio de Pamplona,Extranjero,Transporte,543050
50092,953700115-1,Juridica,Afiliado,Cózar Group,Cózar Plus,4930,Transporte terrestre de pasajeros,2022-04-02,2024-03-08,Vigente,Mediana,1791750684.89,Pasadizo Humberto Castejón 1 Piso 3 ,Ville,Pamplona,Norte de Santander,Colombia,+34 726063821,3425334441,rebecacarballo@pozuelo-sanabria.es,https://www.cózargroup.com,Toribio Alejandro Zamorano Saez,CE,33743243,Representante Legal,2002-07-13,118,SAS,Cámara de Comercio de Pamplona,Mixto,Industria,543050
50093,893793177-6,Natural,Matriculado,Ani Vazquez Rey,Ani Vazquez Rey,5510,Alojamiento en hoteles,2022-07-19,2024-10-02,Cancelada,Mediana,1640849282.5,C. de Gerardo Carranza 98,Ville,Pamplona,Norte de Santander,Colombia,+34 705 20 10 36,3031417388,lopezconcha@santamaria-portero.es,https://www.anivazquezrey.com,Valeria Pelayo Chacón,NIT,80314227,Representante Legal,1997-10-06,34,Persona Natural,Cámara de Comercio de Pamplona,Mixto,Tecnología,543050
50094,904619376-3,Juridica,Matriculado,Francisco Ltd,Francisco Servicios,4719,Otros tipos de comercio al por menor,2014-08-16,2018-10-06,Cancelada,Mediana,210201743.95,Acceso de Luis Ángel Cervantes 3 Apt. 29 ,Ville,Pamplona,Norte de Santander,Colombia,+34 723928443,3971922144,teofilo91@morera.org,https://www.franciscoltd.com,Rosendo Natalio Sanmiguel Carbó,NIT,102413880,Gerente,2000-01-15,10,SAS,Cámara de Comercio de Pamplona,Extranjero,Industria,543050
50095,806803450-7,Natural,Matriculado,Aurelio Acevedo Huguet,Aurelio Acevedo Huguet,4719,Otros tipos de comercio al por menor,2020-11-16,2023-12-12,Suspendida,Grande,311435056.84,Camino María Dolores Carreras 35,Ville,Pamplona,Norte de Santander,Colombia,+34 717 567 825,3180402855,bgomis@ribas-barbero.org,https://www.aurelioacevedoh.com,José Luis Palau Morante,CE,49041724,Representante Legal,2016-03-20,168,Persona Natural,Cámara de Comercio de Pamplona,Nacional,Tecnología,543050
50096,980422225-3,Juridica,Matriculado,Salgado Group,Salgado Comercial,5611,Expendio a la mesa de comidas preparadas,2010-12-21,2013-10-08,Suspendida,Micro,342763065.4,Paseo de Aura Cobos 67 Apt. 08 ,Ville,Pamplona,Norte de Santander,Colombia,+34 737148478,3177142832,sarabiapastor@hervia.es,https://www.salgadogroup.com,Caridad Moreno Dávila,CC,66805546,Representante Legal,2008-12-25,131,SAS,Cámara de Comercio de Pamplona,Nacional,Transporte,543050
50097,864557420-5,Natural,Matriculado,Octavio Bueno,Octavio Bueno,4722,Comercio al por menor de productos alimenticios,2014-03-21,2018-08-30,Suspendida,Micro,56965130.16,Vial de María Belén Gomila 40,Ville,Pamplona,Norte de Santander,Colombia,+34705844379,3456560049,montesildefonso@lamas-cordero.es,https://www.octaviobueno.com,Sosimo Tormo Jaume,NIT,56017506,Representante Legal,2002-05-05,54,Persona Natural,Cámara de Comercio de Pamplona,Extranjero,Comercio,543050
50098,914681637-1,Natural,Matriculado,Maite Paniagua-Puente,Maite Paniagua-Puente,5510,Alojamiento en hoteles,2024-07-01,2025-07-13,Suspendida,Grande,1810191666.32,Avenida de Domitila Macias 51 Apt. 25 ,Ville,Pamplona,Norte de Santander,Colombia,+34742 815 575,3563454019,andradeovidio@prada-fiol.com,https://www.maitepaniagua-p.com,Ambrosio Amigó-Soler,CE,50837754,Gerente,2002-07-30,85,Persona Natural,Cámara de Comercio de Pamplona,Nacional,Transporte,543050
50099,835321035-7,Juridica,Matriculado,"Valero, Carrasco and Vall","Valero, Express",4711,Comercio al por menor en establecimientos no especializados,2021-09-17,2023-01-17,Suspendida,Grande,1183228193.0,Plaza Mamen Cortés 61 Puerta 9 ,Ville,Pamplona,Norte de Santander,Colombia,+34 738 22 32 14,3941250974,ruthsegui@torralba.es,"https://www.valero,carrasco.com",Lalo Santamaría Santos,NIT,18232698,Representante Legal,2007-10-22,164,SAS,Cámara de Comercio de Pamplona,Mixto,Tecnología,543050
50100,955129383-4,Natural,Matriculado,Edu Llano Alba,Edu Llano Alba,5510,Alojamiento en hoteles,2011-10-31,2012-10-23,Cancelada,Mediana,1842996998.71,Calle de Araceli Sabater 8,Ville,Pamplona,Norte de Santander,Colombia,+34 704 84 47 55,3732541020,heliodoro91@prado.net,https://www.edullanoalba.com,Marc del Dávila,CC,57433190,Representante Legal,2002-06-04,95,Persona Natural,Cámara de Comercio de Pamplona,Mixto,Tecnología,543050
